{
  "france": {
    "north": 51.63693095,
    "south": 40.89158205,
    "east": 10.2676343,
    "west": -5.2999683,
    "w": 1000,
    "h": 690
  },
  "greece": {
    "north": 42.17225085,
    "south": 34.574642149999995,
    "east": 26.926905,
    "west": 19.827307,
    "w": 1000,
    "h": 1070
  },
  "india": {
    "north": 36.870433750000004,
    "south": 6.58911125,
    "east": 98.86385680000001,
    "west": 66.71534919999999,
    "w": 1000,
    "h": 942
  },
  "indonesia": {
    "north": 6.271811400000001,
    "south": -11.1519774,
    "east": 143.3208933,
    "west": 93.0059847,
    "w": 1000,
    "h": 346
  },
  "italy": {
    "north": 47.6401633,
    "south": 36.0952167,
    "east": 19.0667616,
    "west": 6.1634404,
    "w": 1000,
    "h": 895
  },
  "japan": {
    "north": 46.2775782,
    "south": 30.3034838,
    "east": 146.3498707,
    "west": 128.60172930000002,
    "w": 1000,
    "h": 900
  },
  "morocco": {
    "north": 36.4769507,
    "south": 20.7037713,
    "east": -0.32975715000000005,
    "west": -17.81522185,
    "w": 1000,
    "h": 902
  },
  "nepal": {
    "north": 30.623957949999998,
    "south": 26.196657050000002,
    "east": 88.57912295,
    "west": 79.68410605,
    "w": 1000,
    "h": 498
  },
  "spain": {
    "north": 44.1384124,
    "south": 35.556775599999995,
    "east": 3.6611024,
    "west": -10.014502400000001,
    "w": 1000,
    "h": 628
  },
  "thailand": {
    "north": 21.1541733,
    "south": 4.9550607,
    "east": 105.99969615,
    "west": 96.96523884999999,
    "w": 1000,
    "h": 1793
  }
}