{
  "india": {
    "north": 36.870433750000004,
    "south": 6.58911125,
    "east": 98.86385680000001,
    "west": 66.71534919999999,
    "w": 1000,
    "h": 942
  },
  "nepal": {
    "north": 30.623957949999998,
    "south": 26.196657050000002,
    "east": 88.57912295,
    "west": 79.68410605,
    "w": 1000,
    "h": 498
  }
}
